<project name="data"
	basedir="."
	default="info"
  xmlns:if="ant:if"
  xmlns:unless="ant:unless"
  xmlns:sf="antlib:com.salesforce"
  xmlns:ff="antlib:com.spaceheroes" >
   
  <taskdef resource="net/sf/antcontrib/antlib.xml"/>

  <path id="ant.additions.classpath">
    <fileset dir="./lib/" includes="*.jar"/>
  </path>
  <taskdef resource="antlib.xml" uri="antlib:com.spaceheroes" classpathref="ant.additions.classpath" />
  
 <target name="DataPre" > 
    <echo message="Data.Pre" />       
    <ff:apex
      username="${sf.username}"
      password="${sf.password}"
      serverurl="${sf.serverurl}"
      proxyHost = "${http.proxyHost}"
      proxyPort = "${http.proxyPort}">

        <![CDATA[   
        //  list<string> a;   
          
        ]]>

    </ff:apex>
 </target>
 
 <target name="DataPost" depends='Data1' > 
    <echo message="Data.Post" />     
 </target>
 <target name="Data1" > 
    <echo message="Data1" />    
    <ff:apex
      username="${username}"
      password="${password}"
      serverurl="${serverurl}"
      proxyHost = "${http.proxyHost}"
      proxyPort = "${http.proxyPort}">

        <![CDATA[       
          // Data1
                    list<string> a;

        ]]>

    </ff:apex>
 
  </target>

</project>